Model name,Field name,Description,Data Source,Validation
Agency,id,ID,,BigAutoField
Agency,agency_aln,"Assistance Listing Number (ALN), a 2-digit prefix of Federal Agency",,CharField Limit: 40
Agency,agency_cfda,"Catalog of Federal Domestic Assistance (CFDA) code, a 2-digit prefix of Federal Agency requiring copy of audit.","Data sources: SF-SAC 1997-2000: III/5; SF-SAC 2001-2003: III/9; SF-SAC 2004-2007: III/8; SF-SAC 2008-2009: III/8; SF-SAC 2010-2012: III/8; SF-SAC 2013-2015: III/5; SF-SAC 2016-2018: III/3/d; SF-SAC 2019-2021: III/3/d; SF-SAC 2022: III/3/d Census mapping: AGENCIES, AGENCYCFDA",IntegerField
Agency,agency_name,Name of the Federal Agency requiring copy of audit report,,CharField Limit: 125
Agency,federal_program_name,Name of Federal Program,"Data sources: SF-SAC 1997-2000: III/6/b; SF-SAC 2001-2003: III/10/c; SF-SAC 2004-2007: III/9/d; SF-SAC 2008-2009: III/9/d; SF-SAC 2010-2012: III/9/e; SF-SAC 2013-2015: III/6/c; SF-SAC 2016-2018: II/1/d; SF-SAC 2019-2021: II/1/d; SF-SAC 2022: II/1/d Census mapping: CFDA INFO, FEDERALPROGRAMNAME",CharField Limit: 300
Agency,is_public,"True for public records, False for non-public records",,BooleanField
Auditee,general,,,ForeignKey
Auditee,id,ID,,BigAutoField
Auditee,auditee_certify_name,Name of Auditee Certifying Official,"Data sources: SF-SAC 1997-2000: I/6/g; SF-SAC 2001-2003: I/6/g; SF-SAC 2004-2007: I/6/g; SF-SAC 2008-2009: I/5/g; SF-SAC 2010-2012: I/5/g; SF-SAC 2013-2015: certifications; SF-SAC 2016-2018: certifications; SF-SAC 2019-2021: certifications; SF-SAC 2022: certifications Census mapping: GENERAL, AUDITEECERTIFYNAME",CharField Limit: 50
Auditee,auditee_certify_title,Title of Auditee Certifying Official,"Data sources: SF-SAC 1997-2000: I/6/g; SF-SAC 2001-2003: I/6/g; SF-SAC 2004-2007: I/6/g; SF-SAC 2008-2009: I/5/g; SF-SAC 2010-2012: I/5/g; SF-SAC 2013-2015: certifications; SF-SAC 2016-2018: certifications; SF-SAC 2019-2021: certifications; SF-SAC 2022: certifications Census mapping: GENERAL, AUDITEECERTIFYTITLE",CharField Limit: 50
Auditee,auditee_contact,Name of Auditee Contact,"Data sources: SF-SAC 1997-2000: I/6/c; SF-SAC 2001-2003: I/6/c; SF-SAC 2004-2007: I/6/c; SF-SAC 2008-2009: I/5/c; SF-SAC 2010-2012: I/5/c; SF-SAC 2013-2015: I/5/c; SF-SAC 2016-2018: I/5/c; SF-SAC 2019-2021: I/5/c; SF-SAC 2022: I/5/c Census mapping: GENERAL, AUDITEECONTACT",CharField Limit: 50
Auditee,auditee_email,Auditee Email address,"Data sources: SF-SAC 1997-2000: I/6/f; SF-SAC 2001-2003: I/6/f; SF-SAC 2004-2007: I/6/f; SF-SAC 2008-2009: I/5/f; SF-SAC 2010-2012: I/5/f; SF-SAC 2013-2015: I/5/f; SF-SAC 2016-2018: I/5/e; SF-SAC 2019-2021: I/5/e; SF-SAC 2022: I/5/e Census mapping: GENERAL, AUDITEEEMAIL",CharField Limit: 60
Auditee,auditee_fax,Auditee Fax Number (optional),"Data sources: SF-SAC 1997-2000: I/6/e; SF-SAC 2001-2003: I/6/e; SF-SAC 2004-2007: I/6/e; SF-SAC 2008-2009: I/5/e; SF-SAC 2010-2012: I/5/e; SF-SAC 2013-2015: I/5/e Census mapping: GENERAL, AUDITEEFAX",PositiveBigIntegerField
Auditee,auditee_name,Name of the Auditee,"Data sources: SF-SAC 1997-2000: I/6/a; SF-SAC 2001-2003: I/6/a; SF-SAC 2004-2007: I/6/a; SF-SAC 2008-2009: I/5/a; SF-SAC 2010-2012: I/5/a; SF-SAC 2013-2015: I/5/a; SF-SAC 2016-2018: I/5/a; SF-SAC 2019-2021: I/5/a; SF-SAC 2022: I/5/a Census mapping: GENERAL, AUDITEENAME",CharField Limit: 70
Auditee,auditee_name_title,Title of Auditee Certifying Official,"Data sources: SF-SAC 1997-2000: I/6/g; SF-SAC 2001-2003: I/6/g; SF-SAC 2004-2007: I/6/g; SF-SAC 2008-2009: I/5/g; SF-SAC 2010-2012: I/5/g; SF-SAC 2013-2015: certifications; SF-SAC 2016-2018: certifications; SF-SAC 2019-2021: certifications; SF-SAC 2022: certifications Census mapping: GENERAL, AUDITEENAMETITLE",CharField Limit: 70
Auditee,auditee_phone,Auditee Phone Number,"Data sources: SF-SAC 1997-2000: I/6/d; SF-SAC 2001-2003: I/6/d; SF-SAC 2004-2007: I/6/d; SF-SAC 2008-2009: I/5/d; SF-SAC 2010-2012: I/5/d; SF-SAC 2013-2015: I/5/d; SF-SAC 2016-2018: I/5/d; SF-SAC 2019-2021: I/5/d; SF-SAC 2022: I/5/d Census mapping: GENERAL, AUDITEEPHONE",PositiveBigIntegerField
Auditee,auditee_title,Title of Auditee Contact,"Data sources: SF-SAC 1997-2000: I/6/c; SF-SAC 2001-2003: I/6/c; SF-SAC 2004-2007: I/6/c; SF-SAC 2008-2009: I/5/c; SF-SAC 2010-2012: I/5/c; SF-SAC 2013-2015: I/5/c; SF-SAC 2016-2018: I/5/c; SF-SAC 2019-2021: I/5/c; SF-SAC 2022: I/5/c Census mapping: GENERAL, AUDITEETITLE",CharField Limit: 40
Auditee,auditee_street1,Auditee Street Address,"Data sources: SF-SAC 1997-2000: I/6/b; SF-SAC 2001-2003: I/6/b; SF-SAC 2004-2007: I/6/b; SF-SAC 2008-2009: I/5/b; SF-SAC 2010-2012: I/5/b; SF-SAC 2013-2015: I/5/b; SF-SAC 2016-2018: I/5/b; SF-SAC 2019-2021: I/5/b; SF-SAC 2022: I/5/b Census mapping: GENERAL, STREET1",CharField Limit: 45
Auditee,auditee_street2,Auditee Street Address,"Data sources: SF-SAC 1997-2000: I/6/b; SF-SAC 2001-2003: I/6/b; SF-SAC 2004-2007: I/6/b; SF-SAC 2008-2009: I/5/b; SF-SAC 2010-2012: I/5/b; SF-SAC 2013-2015: I/5/b; SF-SAC 2016-2018: I/5/b; SF-SAC 2019-2021: I/5/b; SF-SAC 2022: I/5/b Census mapping: GENERAL, STREET2",CharField Limit: 45
Auditee,auditee_city,Auditee City,"Data sources: SF-SAC 1997-2000: I/6/b; SF-SAC 2001-2003: I/6/b; SF-SAC 2004-2007: I/6/b; SF-SAC 2008-2009: I/5/b; SF-SAC 2010-2012: I/5/b; SF-SAC 2013-2015: I/5/b; SF-SAC 2016-2018: I/5/b; SF-SAC 2019-2021: I/5/b; SF-SAC 2022: I/5/b Census mapping: GENERAL, CITY",CharField Limit: 30
Auditee,auditee_state,Auditee State,"Data sources: SF-SAC 1997-2000: I/6/b; SF-SAC 2001-2003: I/6/b; SF-SAC 2004-2007: I/6/b; SF-SAC 2008-2009: I/5/b; SF-SAC 2010-2012: I/5/b; SF-SAC 2013-2015: I/5/b; SF-SAC 2016-2018: I/5/b; SF-SAC 2019-2021: I/5/b; SF-SAC 2022: I/5/b Census mapping: GENERAL, STATE",CharField Limit: 2
Auditee,ein_list,ein list,,ArrayField
Auditee,ein_subcode,Subcode assigned to the EIN.,"Census mapping: GENERAL, EINSUBCODE",IntegerField
Auditee,auditee_zip_code,Auditee Zip Code,"Data sources: SF-SAC 1997-2000: I/6/b; SF-SAC 2001-2003: I/6/b; SF-SAC 2004-2007: I/6/b; SF-SAC 2008-2009: I/5/b; SF-SAC 2010-2012: I/5/b; SF-SAC 2013-2015: I/5/b; SF-SAC 2016-2018: I/5/b; SF-SAC 2019-2021: I/5/b; SF-SAC 2022: I/5/b Census mapping: GENERAL, ZIPCODE",CharField Limit: 12
Auditee,duns_list,duns list,,ArrayField
Auditee,uei_list,uei list,,ArrayField
Auditee,is_public,True if appears in a public record,,BooleanField
Auditor,primary_auditor,,,ForeignKey
Auditor,secondary_auditor,,,ManyToManyField
Auditor,id,ID,,BigAutoField
Auditor,cpa_phone,CPA phone number,"Data sources: SF-SAC 1997-2000: I/7/d; SF-SAC 2001-2003: I/7/d; SF-SAC 2004-2007: I/7/d; SF-SAC 2008-2009: I/6/d; SF-SAC 2010-2012: I/6/d; SF-SAC 2013-2015: I/6/e; SF-SAC 2016-2018: I/6/e; SF-SAC 2019-2021: I/6/e; SF-SAC 2022: I/6/e Census mapping: GENERAL, CPAPHONE (AND) Data sources: SF-SAC 2008-2009: I/8/d; SF-SAC 2010-2012: I/8/d; SF-SAC 2013-2015: I/8/i; SF-SAC 2016-2018: I/8/i; SF-SAC 2019-2021: I/6/h/ix; SF-SAC 2022: I/6/h/ix Census mapping: MULTIPLE CPAS INFO, CPAPHONE",PositiveBigIntegerField
Auditor,cpa_fax,CPA fax number (optional),"Data sources: SF-SAC 1997-2000: I/7/e; SF-SAC 2001-2003: I/7/e; SF-SAC 2004-2007: I/7/e; SF-SAC 2008-2009: I/6/e; SF-SAC 2010-2012: I/6/e; SF-SAC 2013-2015: I/6/f Census mapping: GENERAL, CPAFAX (AND) Data sources: SF-SAC 2008-2009: I/8/e; SF-SAC 2010-2012: I/8/e; SF-SAC 2013-2015: I/8/j; SF-SAC 2016-2018: I/8/j Census mapping: MULTIPLE CPAS INFO, CPAFAX",PositiveBigIntegerField
Auditor,cpa_state,CPA State,"Data sources: SF-SAC 1997-2000: I/7/b; SF-SAC 2001-2003: I/7/b; SF-SAC 2004-2007: I/7/b; SF-SAC 2008-2009: I/6/b; SF-SAC 2010-2012: I/6/b; SF-SAC 2013-2015: I/6/c; SF-SAC 2016-2018: I/6/c; SF-SAC 2019-2021: I/6/c; SF-SAC 2022: I/6/c Census mapping: GENERAL, CPASTATE (AND) Data sources: SF-SAC 2008-2009: I/8/b; SF-SAC 2010-2012: I/8/b; SF-SAC 2013-2015: I/8/e; SF-SAC 2016-2018: I/8/e; SF-SAC 2019-2021: I/6/h/v; SF-SAC 2022: I/6/h/v Census mapping: MULTIPLE CPAS INFO, CPASTATE",CharField Limit: 2
Auditor,cpa_city,CPA City,"Data sources: SF-SAC 1997-2000: I/7/b; SF-SAC 2001-2003: I/7/b; SF-SAC 2004-2007: I/7/b; SF-SAC 2008-2009: I/6/b; SF-SAC 2010-2012: I/6/b; SF-SAC 2013-2015: I/6/c; SF-SAC 2016-2018: I/6/c; SF-SAC 2019-2021: I/6/c; SF-SAC 2022: I/6/c Census mapping: GENERAL, CPACITY (AND) Data sources: SF-SAC 2008-2009: I/8/b; SF-SAC 2010-2012: I/8/b; SF-SAC 2013-2015: I/8/d; SF-SAC 2016-2018: I/8/d; SF-SAC 2019-2021: I/6/h/iv; SF-SAC 2022: I/6/h/iv Census mapping: MULTIPLE CPAS INFO, CPACITY",CharField Limit: 30
Auditor,cpa_title,Title of CPA Contact,"Data sources: SF-SAC 1997-2000: I/7/c; SF-SAC 2001-2003: I/7/c; SF-SAC 2004-2007: I/7/c; SF-SAC 2008-2009: I/6/c; SF-SAC 2010-2012: I/6/c; SF-SAC 2013-2015: I/6/d; SF-SAC 2016-2018: I/6/d; SF-SAC 2019-2021: I/6/d; SF-SAC 2022: I/6/d Census mapping: GENERAL, CPATITLE (AND) Data sources: SF-SAC 2008-2009: I/8/c; SF-SAC 2010-2012: I/8/c; SF-SAC 2013-2015: I/8/h; SF-SAC 2016-2018: I/8/h; SF-SAC 2019-2021: I/6/h/viii; SF-SAC 2022: I/6/h/viii Census mapping: MULTIPLE CPAS INFO, CPATITLE",CharField Limit: 40
Auditor,cpa_street1,CPA Street Address,"Data sources: SF-SAC 1997-2000: I/7/b; SF-SAC 2001-2003: I/7/b; SF-SAC 2004-2007: I/7/b; SF-SAC 2008-2009: I/6/b; SF-SAC 2010-2012: I/6/b; SF-SAC 2013-2015: I/6/c; SF-SAC 2016-2018: I/6/c; SF-SAC 2019-2021: I/6/c; SF-SAC 2022: I/6/c Census mapping: GENERAL, CPASTREET1 (AND) Data sources: SF-SAC 2008-2009: I/8/b; SF-SAC 2010-2012: I/8/b; SF-SAC 2013-2015: I/8/c; SF-SAC 2016-2018: I/8/c; SF-SAC 2019-2021: I/6/h/iii; SF-SAC 2022: I/6/h/iii Census mapping: MULTIPLE CPAS INFO, CPASTREET1",CharField Limit: 45
Auditor,cpa_street2,"CPA Street Address, line 2","Data sources: SF-SAC 1997-2000: I/7/b; SF-SAC 2001-2003: I/7/b; SF-SAC 2004-2007: I/7/b; SF-SAC 2008-2009: I/6/b; SF-SAC 2010-2012: I/6/b; SF-SAC 2013-2015: I/6/c; SF-SAC 2016-2018: I/6/c; SF-SAC 2019-2021: I/6/c; SF-SAC 2022: I/6/c Census mapping: GENERAL, CPASTREET2",CharField Limit: 45
Auditor,cpa_zip_code,CPA Zip Code,"Data sources: SF-SAC 1997-2000: I/7/b; SF-SAC 2001-2003: I/7/b; SF-SAC 2004-2007: I/7/b; SF-SAC 2008-2009: I/6/b; SF-SAC 2010-2012: I/6/b; SF-SAC 2013-2015: I/6/c; SF-SAC 2016-2018: I/6/c; SF-SAC 2019-2021: I/6/c; SF-SAC 2022: I/6/c Census mapping: GENERAL, CPAZIPCODE (AND) Data sources: SF-SAC 2008-2009: I/8/b; SF-SAC 2010-2012: I/8/b; SF-SAC 2013-2015: I/8/f; SF-SAC 2016-2018: I/8/f; SF-SAC 2019-2021: I/6/h/vi; SF-SAC 2022: I/6/h/vi Census mapping: MULTIPLE CPAS INFO, CPAZIPCODE",CharField Limit: 12
Auditor,cpa_country,CPA Country,"Data sources: SF-SAC 2019-2021: I/6/c; SF-SAC 2022: I/6/c Census mapping: GENERAL, CPACOUNTRY",CharField Limit: 6
Auditor,cpa_contact,Name of CPA Contact,"Data sources: SF-SAC 1997-2000: I/7/c; SF-SAC 2001-2003: I/7/c; SF-SAC 2004-2007: I/7/c; SF-SAC 2008-2009: I/6/c; SF-SAC 2010-2012: I/6/c; SF-SAC 2013-2015: I/6/d; SF-SAC 2016-2018: I/6/d; SF-SAC 2019-2021: I/6/d; SF-SAC 2022: I/6/d Census mapping: GENERAL, CPACONTACT (AND) Data sources: SF-SAC 2008-2009: I/8/c; SF-SAC 2010-2012: I/8/c; SF-SAC 2013-2015: I/8/g; SF-SAC 2016-2018: I/8/g; SF-SAC 2019-2021: I/6/h/vii; SF-SAC 2022: I/6/h/vii Census mapping: MULTIPLE CPAS INFO, CPACONTACT",CharField Limit: 50
Auditor,cpa_email,CPA mail address (optional),"Data sources: SF-SAC 1997-2000: I/7/f; SF-SAC 2001-2003: I/7/f; SF-SAC 2004-2007: I/7/f; SF-SAC 2008-2009: I/6/f; SF-SAC 2010-2012: I/6/f; SF-SAC 2013-2015: I/6/g; SF-SAC 2016-2018: I/6/f; SF-SAC 2019-2021: I/6/f; SF-SAC 2022: I/6/f Census mapping: GENERAL, CPAEMAIL (AND) Data sources: SF-SAC 2008-2009: I/8/f; SF-SAC 2010-2012: I/8/f; SF-SAC 2013-2015: I/8/k; SF-SAC 2016-2018: I/8/k; SF-SAC 2019-2021: I/6/h/x; SF-SAC 2022: I/6/h/x Census mapping: MULTIPLE CPAS INFO, CPAEMAIL",CharField Limit: 60
Auditor,cpa_firm_name,CPA Firm Name,"Data sources: SF-SAC 1997-2000: I/7/a; SF-SAC 2001-2003: I/7/a; SF-SAC 2004-2007: I/7/a; SF-SAC 2008-2009: I/6/a; SF-SAC 2010-2012: I/6/a; SF-SAC 2013-2015: I/6/a; SF-SAC 2016-2018: I/6/a; SF-SAC 2019-2021: I/6/a; SF-SAC 2022: I/6/a Census mapping: GENERAL, CPAFIRMNAME (AND) Data sources: SF-SAC 2008-2009: I/8/a; SF-SAC 2010-2012: I/8/a; SF-SAC 2013-2015: I/8/a; SF-SAC 2016-2018: I/8/a; SF-SAC 2019-2021: I/6/h/i; SF-SAC 2022: I/6/h/i Census mapping: MULTIPLE CPAS INFO, CPAFIRMNAME",CharField Limit: 64
Auditor,cpa_foreign,CPA Address - if international,"Data sources: SF-SAC 2019-2021: I/6/c; SF-SAC 2022: I/6/c Census mapping: GENERAL, CPAFOREIGN",CharField Limit: 200
Auditor,cpa_ein,CPA Firm EIN (only available for audit years 2013 and beyond),"Data sources: SF-SAC 2013-2015: I/6/b; SF-SAC 2016-2018: I/6/b; SF-SAC 2019-2021: I/6/b; SF-SAC 2022: I/6/b Census mapping: GENERAL, AUDITOR_EIN (AND) Data sources: SF-SAC 2013-2015: I/8/b; SF-SAC 2016-2018: I/8/b; SF-SAC 2019-2021: I/6/h/ii; SF-SAC 2022: I/6/h/ii Census mapping: MULTIPLE CPAS INFO, CPAEIN",IntegerField
Auditor,sequence_number,Order that Auditors were reported on page 5 of SF-SAC (only for secondary_auditors),"Census mapping: GENERAL, SEQNUM (AND) Census mapping: MULTIPLE CPAS INFO, SEQNUM",IntegerField
Auditor,is_public,True if appears in a public record,,BooleanField
FindingText,finding,,,ManyToManyField
FindingText,general,,,ManyToManyField
FindingText,id,ID,,BigAutoField
FindingText,charts_tables,Indicates whether or not the text contained charts or tables that could not be entered due to formatting restrictions,"Census mapping: FINDINGSTEXT, CHARTSTABLES",BooleanField Limit: 1
FindingText,finding_ref_number,Audit Finding Reference Number,"Data sources: SF-SAC 2019-2021: III/5/a; SF-SAC 2022: III/5/a Census mapping: FINDINGSTEXT, FINDINGREFNUMS",CharField Limit: 100
FindingText,sequence_number,Order that the findings text was reported,"Census mapping: FINDINGSTEXT, SEQ_NUMBER",IntegerField
FindingText,text,Content of the finding text,"Data sources: SF-SAC 2019-2021: III/5/b; SF-SAC 2022: III/5/b Census mapping: FINDINGSTEXT, TEXT",TextField
FindingText,dbkey,Audit Year and DBKEY (database key) combined make up the primary key.,"Census mapping: FINDINGSTEXT, DBKEY",CharField Limit: 40
FindingText,audit_year,Audit Year and DBKEY (database key) combined make up the primary key.,"Census mapping: FINDINGSTEXT, AUDITYEAR",CharField Limit: 40
FindingText,is_public,"True for public records, False for non-public records",,BooleanField
Finding_findings_text,id,ID,,BigAutoField
Finding_findings_text,finding,finding,,ForeignKey
Finding_findings_text,findingtext,findingtext,,ForeignKey
Finding,federalaward,,,ManyToManyField
Finding,general,,,ManyToManyField
Finding,id,ID,,BigAutoField
Finding,finding_ref_number,Findings Reference Numbers,"Data sources: SF-SAC 2013-2015: III/7/d; SF-SAC 2016-2018: III/4/e; SF-SAC 2019-2021: III/4/e; SF-SAC 2022: III/4/e Census mapping: FINDINGS, FINDINGSREFNUMS",CharField Limit: 100
Finding,audit_id,FAC system generated sequence number used to link to Findings data between CFDA Info and Findings,"Census mapping: FINDINGS, ELECAUDITSID",IntegerField
Finding,audit_findings_id,FAC system generated sequence number for finding,"Census mapping: FINDINGS, ELECAUDITFINDINGSID",IntegerField
Finding,prior_finding_ref_numbers,Audit finding reference numbers from the immediate prior audit,"Data sources: SF-SAC 2016-2018: III/4/n; SF-SAC 2019-2021: III/4/n; SF-SAC 2022: III/4/n Census mapping: FINDINGS, PRIORFINDINGREFNUMS",CharField Limit: 100
Finding,modified_opinion,Modified Opinion finding,"Data sources: SF-SAC 2013-2015: III/7/f; SF-SAC 2016-2018: III/4/g; SF-SAC 2019-2021: III/4/g; SF-SAC 2022: III/4/g Census mapping: FINDINGS, MODIFIEDOPINION",BooleanField
Finding,other_non_compliance,Other Noncompliance finding,"Data sources: SF-SAC 2013-2015: III/7/g; SF-SAC 2016-2018: III/4/h; SF-SAC 2019-2021: III/4/h; SF-SAC 2022: III/4/h Census mapping: FINDINGS, OTHERNONCOMPLIANCE",BooleanField
Finding,material_weakness,Material Weakness finding,"Data sources: SF-SAC 2013-2015: III/7/h; SF-SAC 2016-2018: III/4/i; SF-SAC 2019-2021: III/4/i; SF-SAC 2022: III/4/i Census mapping: FINDINGS, MATERIALWEAKNESS",BooleanField
Finding,significant_deficiency,Significant Deficiency finding,"Data sources: SF-SAC 1997-2000: II/3; SF-SAC 2001-2003: II/3; SF-SAC 2004-2007: II/3; SF-SAC 2008-2009: II/3; SF-SAC 2010-2012: II/3; SF-SAC 2013-2015: II/3; SF-SAC 2016-2018: III/2/c; SF-SAC 2019-2021: III/2/c; SF-SAC 2022: III/2/c Census mapping: FINDINGS, SIGNIFICANTDEFICIENCY",BooleanField
Finding,other_findings,Other findings,"Data sources: SF-SAC 2013-2015: III/7/j; SF-SAC 2016-2018: III/4/k; SF-SAC 2019-2021: III/4/k; SF-SAC 2022: III/4/k Census mapping: FINDINGS, OTHERFINDINGS",BooleanField
Finding,questioned_costs,Questioned Costs,"Data sources: SF-SAC 2013-2015: III/7/k; SF-SAC 2016-2018: III/4/l; SF-SAC 2019-2021: III/4/l; SF-SAC 2022: III/4/l Census mapping: FINDINGS, QCOSTS",BooleanField
Finding,repeat_finding,Indicates whether or not the audit finding was a repeat of an audit finding in the immediate prior audit,"Data sources: SF-SAC 2016-2018: III/4/m; SF-SAC 2019-2021: III/4/m; SF-SAC 2022: III/4/m Census mapping: FINDINGS, REPEATFINDING",BooleanField
Finding,type_requirement,Type Requirement Failure,"Data sources: SF-SAC 2013-2015: III/7/e; SF-SAC 2016-2018: III/4/f; SF-SAC 2019-2021: III/4/f; SF-SAC 2022: III/4/f Census mapping: FINDINGS, TYPEREQUIREMENT",CharField Limit: 40
Finding,audit_year,Audit Year and DBKEY (database key) combined make up the primary key.,"Census mapping: FINDINGS, AUDITYEAR",CharField Limit: 40
Finding,dbkey,Audit Year and DBKEY (database key) combined make up the primary key.,"Census mapping: FINDINGS, DBKEY",CharField Limit: 40
Finding,is_public,"True for public records, False for non-public records",,BooleanField
Finding,findings_text,findings text,,ManyToManyField
FederalAward_findings,id,ID,,BigAutoField
FederalAward_findings,federalaward,federalaward,,ForeignKey
FederalAward_findings,finding,finding,,ForeignKey
FederalAward,general,,,ManyToManyField
FederalAward,id,ID,,BigAutoField
FederalAward,audit_id,FAC system generated sequence number used to link to Findings data between CFDA Info and Findings,"Census mapping: CFDA INFO, ELECAUDITSID",IntegerField
FederalAward,finding_ref_numbers,Findings Reference Numbers,"Data sources: SF-SAC 1997-2000: III/7/e; SF-SAC 2001-2003: III/11/b; SF-SAC 2004-2007: III/10/b; SF-SAC 2008-2009: III/10/b; SF-SAC 2010-2012: III/10/b; SF-SAC 2013-2015: III/7/d; SF-SAC 2016-2018: III/4/e; SF-SAC 2019-2021: III/4/e; SF-SAC 2022: III/4/e Census mapping: CFDA INFO, FINDINGREFNUMS",CharField Limit: 100
FederalAward,agency_prior_findings_list,agency prior findings list,,ArrayField
FederalAward,federal_program_name,Name of Federal Program,"Data sources: SF-SAC 1997-2000: III/6/b; SF-SAC 2001-2003: III/10/c; SF-SAC 2004-2007: III/9/d; SF-SAC 2008-2009: III/9/d; SF-SAC 2010-2012: III/9/e; SF-SAC 2013-2015: III/6/c; SF-SAC 2016-2018: II/1/d; SF-SAC 2019-2021: II/1/d; SF-SAC 2022: II/1/d Census mapping: CFDA INFO, FEDERALPROGRAMNAME",CharField Limit: 300
FederalAward,agency_name,Name of Federal Program (auto-generated by FAC from the CFDA catalog),"Census mapping: CFDA INFO, CFDAPROGRAMNAME",CharField Limit: 300
FederalAward,agency_cfda,Federal Agency Prefix and Extension,"Data sources: SF-SAC 1997-2000: III/6/a; SF-SAC 2001-2003: III/10/a; SF-SAC 2004-2007: III/9/a & III/9/b combined; SF-SAC 2008-2009: III/9/a & III/9/b combined; SF-SAC 2010-2012: III/9/a & III/9/b combined; SF-SAC 2013-2015: III/6/a & III/6/b combined; SF-SAC 2016-2018: II/1/a & II/1/b combined; SF-SAC 2019-2021: II/1/a & II/1/b combined; SF-SAC 2022: II/1/a & II/1/b combined Census mapping: CFDA INFO, CFDA",CharField Limit: 52
FederalAward,award_identification,"Other data used to identify the award which is not a CFDA number (e.g., program year, contract number)","Data sources: SF-SAC 2016-2018: II/1/c; SF-SAC 2019-2021: II/1/c; SF-SAC 2022: II/1/c Census mapping: CFDA INFO, AWARDIDENTIFICATION",CharField Limit: 50
FederalAward,cpa_ein,Primary Employer Identification Number,"Data sources: SF-SAC 2013-2015: I/6/b; SF-SAC 2016-2018: I/6/b; SF-SAC 2019-2021: I/6/b; SF-SAC 2022: I/6/b Census mapping: GENERAL, AUDITOR_EIN (AND) Data sources: SF-SAC 2013-2015: I/8/b; SF-SAC 2016-2018: I/8/b; SF-SAC 2019-2021: I/6/h/ii; SF-SAC 2022: I/6/h/ii Census mapping: MULTIPLE CPAS INFO, CPAEIN",IntegerField
FederalAward,research_and_development,Indicate whether or not the program is a Research and Development program,"Data sources: SF-SAC 2001-2003: III/10/b; SF-SAC 2004-2007: III/9/c; SF-SAC 2008-2009: III/9/c; SF-SAC 2010-2012: III/9/c; SF-SAC 2013-2015: III/6/e Census mapping: CFDA INFO, RD",BooleanField
FederalAward,loans,Indicate whether or not the program is a Loan or Loan Guarantee (only available for audit years 2013 and beyond),"Data sources: SF-SAC 2013-2015: III/6/f; SF-SAC 2016-2018: II/1/i; SF-SAC 2019-2021: II/1/i; SF-SAC 2022: II/1/i Census mapping: CFDA INFO, LOANS",BooleanField
FederalAward,arra,American Recovery and Reinvestment Act Funded Program,"Data sources: SF-SAC 2010-2012: III/9/d; SF-SAC 2013-2015: III/6/g Census mapping: CFDA INFO, ARRA",BooleanField
FederalAward,direct,Indicate whether or not the award was received directly from a Federal awarding agency,"Data sources: SF-SAC 2001-2003: III/10/e; SF-SAC 2004-2007: III/9/f; SF-SAC 2008-2009: III/9/f; SF-SAC 2010-2012: III/9/g; SF-SAC 2013-2015: III/6/h; SF-SAC 2016-2018: II/1/k; SF-SAC 2019-2021: II/1/k; SF-SAC 2022: II/1/k Census mapping: CFDA INFO, DIRECT",BooleanField
FederalAward,passthrough_award,Indicates whether or not funds were passed through to any subrecipients for the Federal program,"Data sources: SF-SAC 2016-2018: II/1/n; SF-SAC 2019-2021: II/1/n; SF-SAC 2022: II/1/n Census mapping: CFDA INFO, PASSTHROUGHAWARD",BooleanField
FederalAward,major_program,Indicate whether or not the Federal program is a major program,"Data sources: SF-SAC 1997-2000: III/7/a; SF-SAC 2001-2003: III/10/f; SF-SAC 2004-2007: III/9/g; SF-SAC 2008-2009: III/9/g; SF-SAC 2010-2012: III/9/h; SF-SAC 2013-2015: III/6/i; SF-SAC 2016-2018: III/1/a; SF-SAC 2019-2021: III/1/a; SF-SAC 2022: III/1/a Census mapping: CFDA INFO, MAJORPROGRAM",BooleanField
FederalAward,amount,Amount Expended for the Federal Program,"Data sources: SF-SAC 1997-2000: III/6/c; SF-SAC 2001-2003: III/10/d; SF-SAC 2004-2007: III/9/e; SF-SAC 2008-2009: III/9/e; SF-SAC 2010-2012: III/9/f; SF-SAC 2013-2015: III/6/d; SF-SAC 2016-2018: II/1/e; SF-SAC 2019-2021: II/1/e; SF-SAC 2022: II/1/e Census mapping: CFDA INFO, AMOUNT",BigIntegerField
FederalAward,program_total,Total Federal awards expended for each individual Federal program is auto-generated by summing the amount expended for all line items with the same CFDA Prefix and Extension,"Data sources: SF-SAC 2016-2018: II/1/g; SF-SAC 2019-2021: II/1/g; SF-SAC 2022: II/1/g Census mapping: CFDA INFO, PROGRAMTOTAL",BigIntegerField
FederalAward,cluster_total,Total Federal awards expended for each individual Federal program is auto-generated by summing the amount expended for all line items with the same Cluster Name,"Data sources: SF-SAC 2016-2018: II/1/h; SF-SAC 2019-2021: II/1/h; SF-SAC 2022: II/1/h Census mapping: CFDA INFO, CLUSTERTOTAL",BigIntegerField
FederalAward,passthrough_amount,Amount passed through to subrecipients,"Data sources: SF-SAC 2016-2018: II/1/o; SF-SAC 2019-2021: II/1/o; SF-SAC 2022: II/1/o Census mapping: CFDA INFO, PASSTHROUGHAMOUNT",BigIntegerField
FederalAward,loan_balance,The loan or loan guarantee (loan) balance outstanding at the end of the audit period.  A response of ‘N/A’ is acceptable.,"Data sources: SF-SAC 2016-2018: II/1/j; SF-SAC 2019-2021: II/1/j; SF-SAC 2022: II/1/j Census mapping: CFDA INFO, LOANBALANCE",CharField Limit: 40
FederalAward,cluster_name,The name of the cluster,"Data sources: SF-SAC 2016-2018: II/1/f; SF-SAC 2019-2021: II/1/f; SF-SAC 2022: II/1/f Census mapping: CFDA INFO, CLUSTERNAME",CharField Limit: 75
FederalAward,state_cluster_name,The name of the state cluster,"Census mapping: CFDA INFO, STATECLUSTERNAME",CharField Limit: 75
FederalAward,other_cluster_name,The name of the cluster (if not listed in the Compliance Supplement),"Census mapping: CFDA INFO, OTHERCLUSTERNAME",CharField Limit: 75
FederalAward,type_requirement,Type Requirement Failure,"Data sources: SF-SAC 1997-2000: III/7/b; SF-SAC 2001-2003: III/11/a; SF-SAC 2004-2007: III/10/a; SF-SAC 2008-2009: III/10/a; SF-SAC 2010-2012: III/10/a; SF-SAC 2013-2015: III/7/e; SF-SAC 2016-2018: III/4/f; SF-SAC 2019-2021: III/4/f; SF-SAC 2022: III/4/f Census mapping: CFDA INFO, TYPEREQUIREMENT",CharField Limit: 40
FederalAward,type_report_major_program,Type of Report Issued on the Major Program Compliance,"Data sources: SF-SAC 2004-2007: III/9/h; SF-SAC 2008-2009: III/9/h; SF-SAC 2010-2012: III/9/i; SF-SAC 2013-2015: III/6/j; SF-SAC 2016-2018: III/1/b; SF-SAC 2019-2021: III/1/b; SF-SAC 2022: III/1/b Census mapping: CFDA INFO, TYPEREPORT_MP",CharField Limit: 40
FederalAward,findings_page,Items on the Findings page,"Census mapping: CFDA INFO, FINDINGS",TextField
FederalAward,findings_count,Number of findings for the federal program (only available for audit years 2013 and beyond),"Data sources: SF-SAC 2013-2015: III/6/k; SF-SAC 2016-2018: III/1/c; SF-SAC 2019-2021: III/1/c; SF-SAC 2022: III/1/c Census mapping: CFDA INFO, FINDINGSCOUNT",IntegerField
FederalAward,questioned_costs,Dollar amount of questioned costs (Deprecated since 2002),"Census mapping: CFDA INFO, QCOSTS2",CharField Limit: 40
FederalAward,dbkey,Audit Year and DBKEY (database key) combined make up the primary key.,"Census mapping: CFDA INFO, DBKEY",CharField Limit: 40
FederalAward,audit_year,Audit Year and DBKEY (database key) combined make up the primary key.,"Census mapping: CFDA INFO, AUDITYEAR",CharField Limit: 40
FederalAward,is_public,"True for public records, False for non-public records",,BooleanField
FederalAward,findings,findings,,ManyToManyField
CapText,general,,,ManyToManyField
CapText,id,ID,,BigAutoField
CapText,finding_ref_number,Audit Finding Reference Number,"Data sources: SF-SAC 2019-2021: IV/1; SF-SAC 2022: IV/1 Census mapping: CAPTEXT, FINDINGREFNUMS",CharField Limit: 100
CapText,charts_tables,Indicates whether or not the text contained charts or tables that could not be entered due to formatting restrictions,"Census mapping: CAPTEXT, CHARTSTABLES",BooleanField Limit: 1
CapText,sequence_number,Order that the CAP text was reported,"Census mapping: CAPTEXT, SEQ_NUMBER",IntegerField
CapText,text,Content of the Corrective Action Plan (CAP),"Data sources: SF-SAC 2019-2021: IV/2; SF-SAC 2022: IV/2 Census mapping: CAPTEXT, TEXT",TextField
CapText,dbkey,Audit Year and DBKEY (database key) combined make up the primary key.,"Census mapping: CAPTEXT, DBKEY",CharField Limit: 40
CapText,audit_year,Audit Year and DBKEY (database key) combined make up the primary key.,"Census mapping: CAPTEXT, AUDITYEAR",CharField Limit: 40
CapText,is_public,"True for public records, False for non-public records",,BooleanField
Note,general,,,ManyToManyField
Note,id,ID,,BigAutoField
Note,type_id,Note Type,"Census mapping: NOTES, TYPE_ID",CharField Limit: 1
Note,fac_id,Internal Unique Identifier for the record,"Census mapping: NOTES, ID",IntegerField
Note,report_id,Internal Audit Report Id,"Census mapping: NOTES, REPORTID",IntegerField
Note,version,Internal Version,"Census mapping: NOTES, VERSION",IntegerField
Note,sequence_number,Order that the Note was reported,"Census mapping: NOTES, SEQ_NUMBER",IntegerField
Note,note_index,Display Index for the Note,"Census mapping: NOTES, NOTE_INDEX",IntegerField
Note,content,Content of the Note,"Data sources: SF-SAC 2019-2021: II/2; SF-SAC 2022: II/2 Census mapping: NOTES, CONTENT",TextField
Note,title,Note Title,"Data sources: SF-SAC 2019-2021: II/2; SF-SAC 2022: II/2 Census mapping: NOTES, TITLE",CharField Limit: 75
Note,dbkey,Audit Year and DBKEY (database key) combined make up the primary key.,"Census mapping: NOTES, DBKEY",CharField Limit: 40
Note,audit_year,Audit Year and DBKEY (database key) combined make up the primary key.,"Census mapping: NOTES, AUDITYEAR",CharField Limit: 40
Note,is_public,"True for public records, False for non-public records",,BooleanField
Revision,general,,,ForeignKey
Revision,id,ID,,BigAutoField
Revision,findings,Indicates what items on the Findings page were edited during the revision,"Census mapping: REVISIONS, FINDINGS",CharField Limit: 110
Revision,revision_id,Internal Unique Identifier for the record,"Census mapping: REVISIONS, ELECRPTREVISIONID",IntegerField
Revision,federal_awards,Indicates what items on the Federal Awards page were edited during the revision,"Census mapping: REVISIONS, FEDERALAWARDS",CharField Limit: 140
Revision,general_info_explain,Explanation of what items on the General Info page were edited during the revision,"Census mapping: REVISIONS, GENINFO_EXPLAIN",TextField
Revision,federal_awards_explain,Explanation of what items on the Federal Awards page were edited during the revision,"Census mapping: REVISIONS, FEDERALAWARDS_EXPLAIN",TextField
Revision,notes_to_sefa_explain,Explanation of what items on the Notes to Schedule of Expenditures of Federal Awards (SEFA) page were edited during the revision,"Census mapping: REVISIONS, NOTESTOSEFA_EXPLAIN",TextField
Revision,audit_info_explain,Explanation of what items on the Audit Info page were edited during the revision,"Census mapping: REVISIONS, AUDITINFO_EXPLAIN",TextField
Revision,findings_explain,Explanation of what items on the Findings page were edited during the revision,"Census mapping: REVISIONS, FINDINGS_EXPLAIN",TextField
Revision,findings_text_explain,Explanation of what items on the Text of the Audit Findings page were edited during the revision,"Census mapping: REVISIONS, FINDINGSTEXT_EXPLAIN",TextField
Revision,cap_explain,Explanation of what items on the CAP Text page were edited during the revision,"Census mapping: REVISIONS, CAP_EXPLAIN",TextField
Revision,other_explain,Explanation of what other miscellaneous items were edited during the revision,"Census mapping: REVISIONS, OTHER_EXPLAIN",TextField
Revision,audit_info,Indicates what items on the Audit Info page were edited during the revision,"Census mapping: REVISIONS, AUDITINFO",CharField Limit: 200
Revision,notes_to_sefa,Indicates what items on the Notes to Schedule of Expenditures of Federal Awards (SEFA) page were edited during the revision,"Census mapping: REVISIONS, NOTESTOSEFA",CharField Limit: 50
Revision,findings_text,Indicates what items on the Text of the Audit Findings page were edited during the revision,"Census mapping: REVISIONS, FINDINGSTEXT",CharField Limit: 6
Revision,cap,Indicates what items on the CAP Text page were edited during the revision,"Census mapping: REVISIONS, CAP",CharField Limit: 6
Revision,other,Indicates what other miscellaneous items were edited during the revision,"Census mapping: REVISIONS, OTHER",CharField Limit: 65
Revision,general_info,Indicates what items on the General Info page were edited during the revision,"Census mapping: REVISIONS, GENINFO",CharField Limit: 75
Revision,audit_year,Audit Year and DBKEY (database key) combined make up the primary key.,"Census mapping: REVISIONS, AUDITYEAR",CharField Limit: 40
Revision,dbkey,Audit Year and DBKEY (database key) combined make up the primary key.,"Census mapping: REVISIONS, DBKEY",CharField Limit: 40
Revision,is_public,"True for public records, False for non-public records",,BooleanField
Passthrough,general,,,ManyToManyField
Passthrough,id,ID,,BigAutoField
Passthrough,passthrough_name,Name of Pass-through Entity,"Data sources: SF-SAC 2016-2018: II/1/l; SF-SAC 2019-2021: II/1/l; SF-SAC 2022: II/1/l Census mapping: PASSTHROUGH, PASSTHROUGHNAME",CharField Limit: 150
Passthrough,passthrough_id,Identifying Number Assigned by the Pass-through Entity,"Data sources: SF-SAC 2016-2018: II/1/m; SF-SAC 2019-2021: II/1/m; SF-SAC 2022: II/1/m Census mapping: PASSTHROUGH, PASSTHROUGHID",CharField Limit: 70
Passthrough,audit_id,FAC system generated sequence number used to link to Passthrough data between CFDA Info and Passthrough,"Census mapping: PASSTHROUGH, ELECAUDITSID",IntegerField
Passthrough,audit_year,Audit Year and DBKEY (database key) combined make up the primary key,"Census mapping: PASSTHROUGH, AUDITYEAR",CharField Limit: 40
Passthrough,dbkey,Audit Year and DBKEY (database key) combined make up the primary key,"Census mapping: PASSTHROUGH, DBKEY",CharField Limit: 40
Passthrough,is_public,"True for public records, False for non-public records",,BooleanField
General_secondary_auditors,id,ID,,BigAutoField
General_secondary_auditors,general,general,,ForeignKey
General_secondary_auditors,auditor,auditor,,ForeignKey
General_federal_awards,id,ID,,BigAutoField
General_federal_awards,general,general,,ForeignKey
General_federal_awards,federalaward,federalaward,,ForeignKey
General_findings,id,ID,,BigAutoField
General_findings,general,general,,ForeignKey
General_findings,finding,finding,,ForeignKey
General_findings_text,id,ID,,BigAutoField
General_findings_text,general,general,,ForeignKey
General_findings_text,findingtext,findingtext,,ForeignKey
General_cap_text,id,ID,,BigAutoField
General_cap_text,general,general,,ForeignKey
General_cap_text,captext,captext,,ForeignKey
General_notes,id,ID,,BigAutoField
General_notes,general,general,,ForeignKey
General_notes,note,note,,ForeignKey
General_passthrough,id,ID,,BigAutoField
General_passthrough,general,general,,ForeignKey
General_passthrough,passthrough,passthrough,,ForeignKey
General,id,ID,,BigAutoField
General,auditee,auditee,,ForeignKey
General,primary_auditor,primary auditor,,ForeignKey
General,revision,revision,,ForeignKey
General,pdf_urls,pdf urls,,ArrayField
General,cognizant_agency,Two digit Federal agency prefix of the cognizant agency,"Data sources: SF-SAC 1997-2000: I/9; SF-SAC 2001-2003: I/9 Census mapping: GENERAL, COGAGENCY",CharField Limit: 2
General,oversight_agency,Two digit Federal agency prefix of the oversight agency,"Data sources: SF-SAC 1997-2000: I/9; SF-SAC 2001-2003: I/9 Census mapping: GENERAL, OVERSIGHTAGENCY",IntegerField
General,cognizant_agency_over,A value of 'C' means the entity was assigned a Cognizant agency (had over $50 million in total expenses). A value of 'O' means the entity was assigned a Oversight agency (had less than $50 million in total expenses),"Census mapping: GENERAL, COG_OVER",CharField Limit: 2
General,auditee_date_signed,Date of Auditee signature,"Data sources: SF-SAC 1997-2000: I/6/g; SF-SAC 2001-2003: I/6/g; SF-SAC 2004-2007: I/6/g; SF-SAC 2008-2009: I/5/g; SF-SAC 2010-2012: I/5/g; SF-SAC 2013-2015: certifications; SF-SAC 2016-2018: certifications; SF-SAC 2019-2021: certifications; SF-SAC 2022: certifications Census mapping: GENERAL, AUDITEEDATESIGNED",DateField
General,cpa_date_signed,Date of CPA signature,"Data sources: SF-SAC 1997-2000: I/7/g; SF-SAC 2001-2003: I/7/g; SF-SAC 2004-2007: I/7/g; SF-SAC 2008-2009: I/6/g; SF-SAC 2010-2012: I/6/g; SF-SAC 2013-2015: certifications; SF-SAC 2016-2018: certifications; SF-SAC 2019-2021: certifications; SF-SAC 2022: certifications Census mapping: GENERAL, CPADATESIGNED",DateField
General,date_published,The date the audit information was made available on the dissemination site,"Census mapping: GENERAL, DATEFIREWALL",DateField
General,fac_accepted_date,The most recent date an audit report was submitted to the FAC that passed FAC screening and was accepted as a valid OMB Circular A-133 report submission.,"Census mapping: GENERAL, FACACCEPTEDDATE",DateField
General,form_date_received,The most Recent Date the Form SF-SAC was received by the FAC. This field was not populated before 2001.,"Census mapping: GENERAL, FORM DATE RECEIVED",DateField
General,initial_date_received,The first date an audit component or Form SF-SAC was received by the Federal audit Clearinghouse (FAC).,"Census mapping: GENERAL, INITIAL DATE RECEIVED",DateField
General,fy_end_date,Fiscal Year End Date,"Data sources: SF-SAC 1997-2000: Part I, Item 1; SF-SAC 2001-2003: Part I, Item 1; SF-SAC 2004-2007: Part I, Item 1; SF-SAC 2008-2009: Part I, Item 1; SF-SAC 2010-2012: Part I, Item 1; SF-SAC 2013-2015: Part I, Item 1; SF-SAC 2016-2018: Part I, Item 1; SF-SAC 2019-2021: I/1/b; SF-SAC 2022: I/1/b Census mapping: GENERAL, FYENDDATE",DateField
General,fy_start_date,Fiscal Year Start Date,"Data sources: SF-SAC 2019-2021: Part I, Item 1(a); SF-SAC 2022: Part I, Item 1(a) Census mapping: GENERAL, FYSTARTDATE",DateField
General,previous_completed_on,Date the Audit was Previously Posted to the Internet as Complete,"Census mapping: GENERAL, PREVIOUS_COMPLETED_ON",DateField
General,previous_date_published,previous date published,"Census mapping: GENERAL, PREVIOUSDATEFIREWALL",DateField
General,completed_date,Date the Audit was Posted to the Internet as Complete,"Census mapping: GENERAL, COMPLETED_ON",DateField
General,component_date_received,The most recent date an audit component was received by the FAC. This field was not populated before 2004. Receipt of Financial statements only are not processed until the rest of the audit or a Form SF-SAC is also received.,"Census mapping: GENERAL, COMPONENT DATE RECEIVED",DateField
General,audit_year,Audit Year and DBKEY (database key) combined make up the primary key.,"Census mapping: GENERAL, AUDITYEAR",CharField Limit: 40
General,audit_type,Type of Audit,"Data sources: SF-SAC 1997-2000: I/2; SF-SAC 2001-2003: I/2; SF-SAC 2004-2007: I/2; SF-SAC 2008-2009: I/2; SF-SAC 2010-2012: I/2; SF-SAC 2013-2015: I/2; SF-SAC 2016-2018: I/2; SF-SAC 2019-2021: I/2; SF-SAC 2022: I/2 Census mapping: GENERAL, AUDITTYPE",CharField Limit: 40
General,reportable_condition,Whether or not the audit disclosed a reportable condition on financial statements,"Data sources: SF-SAC 1997-2000: II/3; SF-SAC 2001-2003: II/3; SF-SAC 2004-2007: II/3; SF-SAC 2008-2009: II/3; SF-SAC 2010-2012: II/3; SF-SAC 2013-2015: II/3; SF-SAC 2016-2018: III/2/c; SF-SAC 2019-2021: III/2/c; SF-SAC 2022: III/2/c Census mapping: GENERAL, REPORTABLECONDITION",BooleanField
General,significant_deficiency,Whether or not the audit disclosed a significant deficiency on financial statements,"Data sources: SF-SAC 1997-2000: II/3; SF-SAC 2001-2003: II/3; SF-SAC 2004-2007: II/3; SF-SAC 2008-2009: II/3; SF-SAC 2010-2012: II/3; SF-SAC 2013-2015: II/3; SF-SAC 2016-2018: III/2/c; SF-SAC 2019-2021: III/2/c; SF-SAC 2022: III/2/c Census mapping: GENERAL, SIGNIFICANTDEFICIENCY",BooleanField
General,condition_or_deficiency_major_program,Whether or not the audit disclosed a reportable condition/significant deficiency for any major program in the Schedule of Findings and Questioned Costs,"Data sources: SF-SAC 2001-2003: III/5; SF-SAC 2004-2007: III/4; SF-SAC 2008-2009: III/4; SF-SAC 2010-2012: III/4 Census mapping: GENERAL, REPORTABLECONDITION_MP",BooleanField
General,current_or_former_findings,Indicate whether or not current year findings or prior year findings affecting direct funds were reported,"Data sources: SF-SAC 2001-2003: III/9; SF-SAC 2004-2007: III/8; SF-SAC 2008-2009: III/8; SF-SAC 2010-2012: III/8; SF-SAC 2013-2015: III/5; SF-SAC 2016-2018: III/3/d; SF-SAC 2019-2021: III/3/d; SF-SAC 2022: III/3/d Census mapping: GENERAL, CYFINDINGS",BooleanField
General,dollar_threshold,Dollar Threshold to distinguish between Type A and Type B programs.,"Data sources: SF-SAC 1997-2000: III/2; SF-SAC 2001-2003: III/3; SF-SAC 2004-2007: III/2; SF-SAC 2008-2009: III/2; SF-SAC 2010-2012: III/2; SF-SAC 2013-2015: III/2; SF-SAC 2016-2018: III/3/b; SF-SAC 2019-2021: III/3/b; SF-SAC 2022: III/3/b Census mapping: GENERAL, DOLLARTHRESHOLD",FloatField
General,dup_reports,Whether or not the financial statements include departments that have separate expenditures not included in this audit,"Data sources: SF-SAC 2001-2003: III/2; SF-SAC 2004-2007: III/1; SF-SAC 2008-2009: III/1; SF-SAC 2010-2012: III/1; SF-SAC 2013-2015: III/1; SF-SAC 2016-2018: III/3/a; SF-SAC 2019-2021: III/3/a; SF-SAC 2022: III/3/a Census mapping: GENERAL, DUP_REPORTS",BooleanField
General,entity_type,"Self reported type of entity (i.e., States, Local Governments, Indian Tribes, Institutions of Higher Education, NonProfit)","Census mapping: GENERAL, ENTITY_TYPE",CharField Limit: 50
General,going_concern,Whether or not the audit contained a going concern paragraph on financial statements,"Data sources: SF-SAC 1997-2000: II/2; SF-SAC 2001-2003: II/2; SF-SAC 2004-2007: II/2; SF-SAC 2008-2009: II/2; SF-SAC 2010-2012: II/2; SF-SAC 2013-2015: II/2; SF-SAC 2016-2018: III/2/b; SF-SAC 2019-2021: III/2/b; SF-SAC 2022: III/2/b Census mapping: GENERAL, GOINGCONCERN",BooleanField
General,low_risk,Indicate whether or not the auditee qualified as a low-risk auditee,"Data sources: SF-SAC 1997-2000: III/3; SF-SAC 2001-2003: III/4; SF-SAC 2004-2007: III/3; SF-SAC 2008-2009: III/3; SF-SAC 2010-2012: III/3; SF-SAC 2013-2015: III/3; SF-SAC 2016-2018: III/3/c; SF-SAC 2019-2021: III/3/c; SF-SAC 2022: III/3/c Census mapping: GENERAL, LOWRISK",BooleanField
General,material_noncompliance,Whether or not the audit disclosed a material noncompliance on financial statements,"Data sources: SF-SAC 1997-2000: II/5; SF-SAC 2001-2003: II/5; SF-SAC 2004-2007: II/5; SF-SAC 2008-2009: II/5; SF-SAC 2010-2012: II/5; SF-SAC 2013-2015: II/5; SF-SAC 2016-2018: III/2/e; SF-SAC 2019-2021: III/2/e; SF-SAC 2022: III/2/e Census mapping: GENERAL, MATERIALNONCOMPLIANCE",BooleanField
General,material_weakness,Whether or not the audit disclosed any reportable condition/significant deficiency as a material weakness on financial statements,"Data sources: SF-SAC 1997-2000: II/4; SF-SAC 2001-2003: II/4; SF-SAC 2004-2007: II/4; SF-SAC 2008-2009: II/4; SF-SAC 2010-2012: II/4; SF-SAC 2013-2015: II/4; SF-SAC 2016-2018: III/2/d; SF-SAC 2019-2021: III/2/d; SF-SAC 2022: III/2/d Census mapping: GENERAL, MATERIALWEAKNESS",BooleanField
General,material_weakness_major_program,Indicate whether any reportable condition/significant deficiency was disclosed as a material weakness for a major program in the Schedule of Findings and Questioned Costs,"Data sources: SF-SAC 2001-2003: III/6; SF-SAC 2004-2007: III/5; SF-SAC 2008-2009: III/5; SF-SAC 2010-2012: III/5 Census mapping: GENERAL, MATERIALWEAKNESS_MP",BooleanField
General,number_months,Number of Months Covered by the 'Other' Audit Period,"Data sources: SF-SAC 1997-2000: I/3; SF-SAC 2001-2003: I/3; SF-SAC 2004-2007: I/3; SF-SAC 2008-2009: I/3; SF-SAC 2010-2012: I/3; SF-SAC 2013-2015: I/3; SF-SAC 2016-2018: I/3; SF-SAC 2019-2021: I/3; SF-SAC 2022: I/3 Census mapping: GENERAL, NUMBERMONTHS",IntegerField
General,period_covered,Audit Period Covered by Audit,"Data sources: SF-SAC 1997-2000: I/3; SF-SAC 2001-2003: I/3; SF-SAC 2004-2007: I/3; SF-SAC 2008-2009: I/3; SF-SAC 2010-2012: I/3; SF-SAC 2013-2015: I/3; SF-SAC 2016-2018: I/3; SF-SAC 2019-2021: I/3; SF-SAC 2022: I/3 Census mapping: GENERAL, PERIODCOVERED",CharField Limit: 40
General,prior_year_schedule,Indicate whether or not the report includes a Summary Schedule of Prior Year Audit Findings,"Data sources: SF-SAC 2001-2003: III/8; SF-SAC 2004-2007: III/7; SF-SAC 2008-2009: III/7; SF-SAC 2010-2012: III/7; SF-SAC 2013-2015: III/4 Census mapping: GENERAL, PYSCHEDULE",BooleanField
General,questioned_costs,Indicate whether or not the audit disclosed any known questioned costs.,"Data sources: SF-SAC 2001-2003: III/7; SF-SAC 2004-2007: III/6; SF-SAC 2008-2009: III/6; SF-SAC 2010-2012: III/6 Census mapping: GENERAL, QCOSTS",BooleanField
General,report_required,Distribution to Federal Agency required?,"Data sources: SF-SAC 1997-2000: III/5; SF-SAC 2001-2003: III/9; SF-SAC 2004-2007: III/8 Census mapping: GENERAL, REPORTREQUIRED",BooleanField
General,special_framework,Special Purpose Framework that was used as the basis of accounting,"Data sources: SF-SAC 2016-2018: III/2/a/ii; SF-SAC 2019-2021: III/2/a/i; SF-SAC 2022: III/2/a/i Census mapping: GENERAL, SP_FRAMEWORK",CharField Limit: 40
General,special_framework_required,Indicate whether or not the special purpose framework used as basis of accounting by state law or tribal law,"Data sources: SF-SAC 2016-2018: III/2/a/iii; SF-SAC 2019-2021: III/2/a/ii; SF-SAC 2022: III/2/a/ii Census mapping: GENERAL, SP_FRAMEWORK_REQUIRED",BooleanField
General,total_fed_expenditures,Total Federal Expenditures,"Data sources: SF-SAC 1997-2000: III/6/c- Total; SF-SAC 2001-2003: III/10/d -Total; SF-SAC 2004-2007: III/9/e -Total; SF-SAC 2008-2009: III/9/e -Total; SF-SAC 2010-2012: III/9/f -Total; SF-SAC 2013-2015: III/6/d -Total; SF-SAC 2016-2018: II/1/e- Total; SF-SAC 2019-2021: II/1/e - Total; SF-SAC 2022: II/1/e - Total Census mapping: GENERAL, TOTFEDEXPEND",BigIntegerField
General,type_of_entity,Contact FAC for information,"Census mapping: GENERAL, TYPEOFENTITY",CharField Limit: 40
General,type_report_financial_statements,Type of Report Issued on the Financial Statements,"Data sources: SF-SAC 1997-2000: II/1; SF-SAC 2001-2003: II/1; SF-SAC 2004-2007: II/1; SF-SAC 2008-2009: II/1; SF-SAC 2010-2012: II/1; SF-SAC 2013-2015: II/1; SF-SAC 2016-2018: III/2/a/i; SF-SAC 2019-2021: III/2/a; SF-SAC 2022: III/2/a Census mapping: GENERAL, TYPEREPORT_FS",CharField Limit: 40
General,type_report_major_program,Type of Report Issued on the Major Program Compliance,"Data sources: SF-SAC 1997-2000: III/1; SF-SAC 2001-2003: III/1 Census mapping: GENERAL, TYPEREPORT_MP",CharField Limit: 40
General,type_report_special_purpose_framework,The auditor's opinion on the special purpose framework,"Data sources: SF-SAC 2016-2018: III/2/a/iv; SF-SAC 2019-2021: III/2/a/iii; SF-SAC 2022: III/2/a/iii Census mapping: GENERAL, TYPEREPORT_SP_FRAMEWORK",CharField Limit: 40
General,dbkey,Audit Year and DBKEY (database key) combined make up the primary key. Only on records created by Census.,"Census mapping: GENERAL, DBKEY",CharField Limit: 40
General,is_public,"True for public records, False for non-public records",,BooleanField
General,modified_date,modified date,,DateTimeField
General,create_date,create date,,DateTimeField
General,data_source,Origin of the upload,,CharField Limit: 25
General,secondary_auditors,secondary auditors,,ManyToManyField
General,federal_awards,federal awards,,ManyToManyField
General,findings,findings,,ManyToManyField
General,findings_text,findings text,,ManyToManyField
General,cap_text,cap text,,ManyToManyField
General,notes,notes,,ManyToManyField
General,passthrough,passthrough,,ManyToManyField
